Test_image_index,predicted_class
0,0
1,0
2,0
3,0
4,0
5,0
6,0
7,0
8,0
9,0
10,0
11,0
12,0
13,0
14,0
15,0
16,0
17,0
18,0
19,0
20,0
21,0
22,0
23,0
24,0
25,0
26,0
27,0
28,0
29,0
30,0
31,0
32,0
33,0
34,0
35,0
36,0
37,0
38,0
39,0
40,0
41,0
42,0
43,0
44,0
45,0
46,0
47,0
48,0
49,0
50,0
51,0
52,0
53,0
54,0
55,0
56,0
57,0
58,0
59,0
60,0
61,0
62,0
63,0
64,0
65,6
66,0
67,0
68,0
69,0
70,0
71,0
72,0
73,0
74,0
75,0
76,0
77,0
78,0
79,0
80,0
81,0
82,3
83,0
84,0
85,0
86,0
87,0
88,0
89,0
90,0
91,0
92,0
93,0
94,0
95,0
96,0
97,0
98,0
99,0
100,0
101,0
102,0
103,0
104,0
105,0
106,0
107,0
108,0
109,0
110,0
111,0
112,0
113,0
114,0
115,0
116,0
117,0
118,0
119,0
120,0
121,0
122,0
123,6
124,0
125,0
126,0
127,0
128,0
129,0
130,0
131,0
132,0
133,0
134,0
135,0
136,0
137,0
138,0
139,0
140,0
141,0
142,0
143,0
144,0
145,0
146,0
147,0
148,0
149,0
150,0
151,0
152,0
153,0
154,0
155,0
156,0
157,0
158,0
159,0
160,0
161,0
162,0
163,0
164,0
165,0
166,0
167,0
168,0
169,0
170,0
171,0
172,0
173,0
174,0
175,0
176,0
177,0
178,0
179,0
180,0
181,0
182,0
183,0
184,0
185,0
186,0
187,0
188,0
189,0
190,0
191,0
192,0
193,0
194,0
195,0
196,0
197,0
198,0
199,0
200,0
201,0
202,0
203,0
204,0
205,0
206,0
207,0
208,0
209,0
210,0
211,0
212,0
213,0
214,0
215,0
216,0
217,3
218,0
219,0
220,0
221,0
222,0
223,0
224,0
225,0
226,0
227,0
228,0
229,0
230,6
231,0
232,0
233,0
234,0
235,0
236,0
237,0
238,0
239,0
240,0
241,0
242,0
243,0
244,0
245,0
246,0
247,0
248,0
249,0
250,0
251,0
252,0
253,0
254,0
255,0
256,0
257,0
258,0
259,0
260,0
261,0
262,0
263,0
264,0
265,0
266,0
267,0
268,0
269,0
270,0
271,0
272,0
273,0
274,0
275,0
276,0
277,0
278,0
279,0
280,0
281,0
282,0
283,0
284,0
285,0
286,0
287,0
288,0
289,0
290,0
291,0
292,0
293,0
294,0
295,0
296,6
297,0
298,0
299,0
300,0
301,0
302,0
303,0
304,0
305,0
306,0
307,0
308,0
309,0
310,0
311,0
312,0
313,0
314,0
315,0
316,0
317,0
318,0
319,0
320,0
321,0
322,0
323,0
324,0
325,0
326,0
327,0
328,0
329,0
330,0
331,0
332,0
333,0
334,0
335,0
336,0
337,0
338,0
339,0
340,0
341,0
342,0
343,0
344,0
345,0
346,0
347,0
348,0
349,0
350,0
351,0
352,0
353,0
354,0
355,3
356,0
357,0
358,0
359,0
360,0
361,0
362,0
363,0
364,0
365,0
366,0
367,0
368,0
369,0
370,0
371,0
372,0
373,0
374,0
375,0
376,0
377,0
378,0
379,0
380,0
381,0
382,0
383,0
384,0
385,0
386,0
387,0
388,0
389,0
390,0
391,0
392,0
393,0
394,0
395,0
396,0
397,0
398,0
399,0
400,0
401,0
402,0
403,0
404,0
405,0
406,0
407,0
408,0
409,0
410,0
411,0
412,0
413,0
414,0
415,0
416,0
417,0
418,0
419,0
420,0
421,0
422,0
423,0
424,0
425,0
426,0
427,0
428,0
429,0
430,0
431,0
432,0
433,0
434,0
435,0
436,0
437,0
438,0
439,0
440,0
441,0
442,0
443,0
444,0
445,0
446,0
447,0
448,0
449,0
450,0
451,0
452,0
453,0
454,0
455,0
456,0
457,0
458,0
459,0
460,0
461,0
462,0
463,0
464,0
465,0
466,0
467,0
468,0
469,0
470,0
471,0
472,0
473,0
474,0
475,0
476,0
477,0
478,0
479,0
480,0
481,0
482,0
483,0
484,0
485,0
486,0
487,0
488,0
489,0
490,0
491,0
492,0
493,0
494,0
495,0
496,0
497,0
498,0
499,0
500,0
501,0
502,0
503,0
504,0
505,0
506,0
507,0
508,0
509,0
510,0
511,0
512,0
513,0
514,0
515,0
516,0
517,0
518,0
519,0
520,0
521,0
522,0
523,0
524,0
525,0
526,0
527,0
528,0
529,0
530,0
531,0
532,0
533,0
534,0
535,0
536,0
537,0
538,0
539,0
540,0
541,0
542,0
543,0
544,0
545,0
546,0
547,0
548,0
549,0
550,0
551,0
552,0
553,0
554,0
555,0
556,0
557,0
558,0
559,0
560,0
561,0
562,0
563,0
564,0
565,6
566,0
567,0
568,0
569,0
570,0
571,0
572,0
573,0
574,0
575,0
576,0
577,0
578,0
579,0
580,0
581,0
582,0
583,0
584,0
585,0
586,0
587,0
588,0
589,0
590,0
591,0
592,0
593,0
594,0
595,0
596,0
597,0
598,0
599,0
600,0
601,0
602,0
603,0
604,0
605,0
606,0
607,0
608,0
609,0
610,0
611,0
612,0
613,0
614,0
615,0
616,0
617,0
618,0
619,0
620,0
621,0
622,0
623,0
624,0
625,0
626,0
627,0
628,0
629,0
630,0
631,0
632,0
633,0
634,0
635,0
636,0
637,0
638,0
639,0
640,0
641,0
642,0
643,0
644,0
645,0
646,0
647,0
648,0
649,0
650,0
651,0
652,0
653,0
654,0
655,0
656,0
657,0
658,0
659,0
660,0
661,0
662,0
663,0
664,0
665,0
666,0
667,0
668,0
669,0
670,0
671,0
672,0
673,0
674,0
675,0
676,0
677,0
678,0
679,0
680,0
681,0
682,0
683,0
684,0
685,0
686,0
687,0
688,0
689,0
690,0
691,0
692,0
693,0
694,0
695,0
696,0
697,0
698,0
699,0
700,0
701,0
702,0
703,0
704,0
705,0
706,0
707,0
708,0
709,0
710,0
711,0
712,0
713,0
714,0
715,0
716,0
717,0
718,0
719,0
720,0
721,0
722,0
723,0
724,0
725,0
726,0
727,0
728,0
729,0
730,0
731,0
732,0
733,0
734,0
735,0
736,0
737,0
738,0
739,0
740,0
741,0
742,0
743,0
744,0
745,0
746,0
747,0
748,0
749,0
750,0
751,0
752,0
753,0
754,0
755,0
756,0
757,0
758,0
759,0
760,6
761,0
762,0
763,0
764,0
765,0
766,0
767,0
768,0
769,0
770,0
771,0
772,0
773,0
774,0
775,0
776,0
777,0
778,0
779,0
780,0
781,0
782,0
783,0
784,0
785,0
786,0
787,0
788,0
789,0
790,0
791,0
792,0
793,0
794,0
795,0
796,0
797,0
798,0
799,0
800,0
801,0
802,0
803,0
804,0
805,0
806,0
807,0
808,0
809,0
810,0
811,0
812,0
813,0
814,0
815,0
816,0
817,0
818,0
819,0
820,6
821,0
822,0
823,0
824,0
825,0
826,0
827,0
828,0
829,0
830,0
831,0
832,0
833,0
834,6
835,0
836,0
837,0
838,0
839,0
840,0
841,0
842,0
843,0
844,0
845,0
846,0
847,0
848,0
849,0
850,0
851,0
852,0
853,0
854,0
855,0
856,0
857,0
858,0
859,0
860,0
861,0
862,0
863,0
864,0
865,0
866,0
867,0
868,0
869,0
870,0
871,0
872,0
873,0
874,0
875,0
876,0
877,0
878,0
879,0
880,0
881,0
882,0
883,0
884,0
885,0
886,0
887,0
888,0
889,0
890,0
891,2
892,0
893,0
894,0
895,0
896,0
897,0
898,0
899,0
900,0
901,0
902,0
903,0
904,0
905,0
906,0
907,0
908,0
909,0
910,0
911,0
912,0
913,0
914,0
915,0
916,0
917,0
918,0
919,0
920,0
921,0
922,0
923,0
924,0
925,0
926,0
927,0
928,0
929,0
930,0
931,0
932,0
933,0
934,0
935,0
936,0
937,0
938,0
939,0
940,0
941,0
942,0
943,0
944,0
945,0
946,0
947,0
948,0
949,0
950,0
951,0
952,0
953,0
954,0
955,0
956,0
957,0
958,0
959,0
960,0
961,0
962,0
963,0
964,0
965,0
966,0
967,0
968,0
969,0
970,0
971,0
972,0
973,6
974,0
975,6
976,0
977,0
978,0
979,0
980,0
981,0
982,0
983,0
984,0
985,0
986,0
987,0
988,0
989,0
990,0
991,0
992,0
993,0
994,0
995,0
996,0
997,0
998,0
999,0
1000,0
1001,0
1002,0
1003,0
1004,0
1005,0
1006,0
1007,0
1008,0
1009,0
1010,0
1011,0
1012,0
1013,0
1014,0
1015,0
1016,0
1017,0
1018,0
1019,0
1020,0
1021,0
1022,0
1023,0
1024,0
1025,0
1026,0
1027,0
1028,0
1029,0
1030,0
1031,0
1032,0
1033,0
1034,0
1035,0
1036,0
1037,0
1038,0
1039,0
1040,0
1041,0
1042,0
1043,0
1044,0
1045,0
1046,0
1047,0
1048,0
1049,0
1050,0
1051,0
1052,0
1053,0
1054,0
1055,2
1056,0
1057,0
1058,0
1059,0
1060,0
1061,6
1062,0
1063,0
1064,0
1065,0
1066,0
1067,0
1068,0
1069,0
1070,0
1071,0
1072,0
1073,0
1074,0
1075,0
1076,0
1077,0
1078,0
1079,0
1080,0
1081,0
1082,0
1083,0
1084,0
1085,0
1086,0
1087,0
1088,0
1089,0
1090,0
1091,0
1092,0
1093,0
1094,0
1095,0
1096,0
1097,0
1098,0
1099,0
1100,0
1101,0
1102,0
1103,0
1104,0
1105,0
1106,0
1107,0
1108,0
1109,0
1110,0
1111,0
1112,0
1113,0
1114,0
1115,0
1116,0
1117,0
1118,0
1119,0
1120,0
1121,0
1122,0
1123,0
1124,0
1125,0
1126,0
1127,0
1128,0
1129,0
1130,0
1131,0
1132,0
1133,0
1134,0
1135,0
1136,0
1137,0
1138,0
1139,0
1140,0
1141,0
1142,0
1143,0
1144,0
1145,0
1146,0
1147,0
1148,0
1149,0
1150,0
1151,0
1152,0
1153,0
1154,0
1155,0
1156,0
1157,0
1158,0
1159,0
1160,0
1161,0
1162,0
1163,0
1164,0
1165,0
1166,0
1167,0
1168,0
1169,0
1170,0
1171,0
1172,6
1173,0
1174,3
1175,0
1176,0
1177,0
1178,0
1179,0
1180,0
1181,0
1182,0
1183,0
1184,0
1185,0
1186,0
1187,0
1188,0
1189,0
1190,0
1191,0
1192,0
1193,0
1194,0
1195,0
1196,0
1197,0
1198,0
1199,0
1200,0
1201,0
1202,0
1203,0
1204,0
1205,0
1206,0
1207,0
1208,0
1209,0
1210,0
1211,0
1212,0
1213,0
1214,0
1215,0
1216,0
1217,0
1218,0
1219,0
1220,0
1221,0
1222,0
1223,0
1224,0
1225,0
1226,0
1227,0
1228,0
1229,0
1230,0
1231,0
1232,0
1233,0
1234,0
1235,0
1236,0
1237,0
1238,0
1239,0
1240,0
1241,0
1242,0
1243,0
1244,0
1245,0
1246,0
1247,0
1248,6
1249,0
1250,0
1251,0
1252,0
1253,0
1254,0
1255,0
1256,0
1257,0
1258,0
1259,0
1260,0
1261,0
1262,0
1263,0
1264,0
1265,0
1266,0
1267,0
1268,0
1269,0
1270,0
1271,0
1272,0
1273,0
1274,0
1275,0
1276,0
1277,0
1278,0
1279,0
1280,0
1281,0
1282,0
1283,0
1284,0
1285,0
1286,0
1287,0
1288,0
1289,0
1290,0
1291,0
1292,0
1293,0
1294,0
1295,0
1296,0
1297,0
1298,0
1299,0
1300,0
1301,0
1302,0
1303,0
1304,0
1305,0
1306,0
1307,0
1308,0
1309,0
1310,0
1311,0
1312,0
1313,0
1314,0
1315,0
1316,0
1317,0
1318,0
1319,0
1320,0
1321,0
1322,0
1323,0
1324,0
1325,0
1326,0
1327,0
1328,0
1329,0
1330,0
1331,6
1332,0
1333,0
1334,0
1335,0
1336,0
1337,0
1338,0
1339,0
1340,0
1341,0
1342,0
1343,0
1344,0
1345,0
1346,0
1347,0
1348,0
1349,0
1350,0
1351,0
1352,0
1353,0
1354,0
1355,0
1356,0
1357,0
1358,0
1359,0
1360,0
1361,0
1362,0
1363,0
1364,0
1365,0
1366,0
1367,0
1368,0
1369,0
1370,0
1371,0
1372,0
1373,0
1374,0
1375,0
1376,0
1377,0
1378,0
1379,0
1380,0
1381,0
1382,0
1383,0
1384,0
1385,0
1386,0
1387,0
1388,0
1389,0
1390,0
1391,0
1392,0
1393,0
1394,0
1395,0
1396,0
1397,0
1398,0
1399,0
1400,0
1401,0
1402,0
1403,0
1404,0
1405,0
1406,0
1407,0
1408,0
1409,0
1410,0
1411,0
1412,0
1413,0
1414,0
1415,0
1416,0
1417,0
1418,0
1419,0
1420,0
1421,0
1422,0
1423,0
1424,0
1425,0
1426,0
1427,0
1428,0
1429,0
1430,0
1431,0
1432,0
1433,0
1434,0
1435,0
1436,0
1437,0
1438,0
1439,0
1440,0
1441,0
1442,0
1443,0
1444,0
1445,0
1446,0
1447,0
1448,0
1449,0
1450,0
1451,0
1452,0
1453,0
1454,0
1455,0
1456,0
1457,0
1458,0
1459,0
1460,0
1461,0
1462,0
1463,0
1464,0
1465,0
1466,0
1467,0
1468,0
1469,0
1470,0
1471,0
1472,0
1473,3
1474,0
1475,0
1476,0
1477,0
1478,0
1479,0
1480,0
1481,0
1482,3
1483,0
1484,0
1485,0
1486,0
1487,0
1488,0
1489,0
1490,0
1491,0
1492,0
1493,0
1494,0
1495,0
1496,0
1497,0
1498,0
1499,0
1500,0
1501,0
1502,0
1503,0
1504,0
1505,0
1506,0
1507,0
1508,0
1509,0
1510,0
1511,0
1512,0
1513,0
1514,0
1515,0
1516,0
1517,0
1518,0
1519,6
1520,0
1521,0
1522,0
1523,0
1524,0
1525,0
1526,0
1527,0
1528,0
1529,0
1530,2
1531,0
1532,0
1533,0
1534,0
1535,0
1536,0
1537,0
1538,0
1539,0
1540,0
1541,0
1542,0
1543,0
1544,0
1545,0
1546,0
1547,0
1548,0
1549,0
1550,0
1551,0
1552,0
1553,0
1554,0
1555,0
1556,3
1557,0
1558,0
1559,0
1560,0
1561,0
1562,0
1563,0
1564,0
1565,0
1566,0
1567,0
1568,0
1569,0
1570,0
1571,0
1572,0
1573,0
1574,0
1575,0
1576,0
1577,0
1578,0
1579,0
1580,0
1581,0
1582,0
1583,0
1584,0
1585,0
1586,0
1587,0
1588,0
1589,0
1590,0
1591,0
1592,0
1593,0
1594,0
1595,0
1596,0
1597,0
1598,0
1599,0
1600,0
1601,0
1602,0
1603,0
1604,0
1605,0
1606,0
1607,0
1608,0
1609,0
1610,0
1611,0
1612,0
1613,0
1614,0
1615,0
1616,0
1617,0
1618,0
1619,0
1620,0
1621,0
1622,0
1623,0
1624,0
1625,0
1626,0
1627,0
1628,0
1629,0
1630,2
1631,0
1632,0
1633,0
1634,0
1635,0
1636,0
1637,0
1638,0
1639,0
1640,0
1641,0
1642,0
1643,0
1644,0
1645,0
1646,0
1647,0
1648,0
1649,0
1650,0
1651,0
1652,0
1653,0
1654,0
1655,0
1656,0
1657,0
1658,0
1659,0
1660,6
1661,0
1662,0
1663,0
1664,0
1665,0
1666,0
1667,0
1668,0
1669,0
1670,0
1671,0
1672,0
1673,0
1674,0
1675,0
1676,0
1677,0
1678,0
1679,0
1680,0
1681,0
1682,0
1683,0
1684,0
1685,0
1686,0
1687,0
1688,0
1689,0
1690,0
1691,0
1692,0
1693,0
1694,0
1695,0
1696,0
1697,0
1698,0
1699,0
1700,0
1701,0
1702,0
1703,0
1704,0
1705,0
1706,0
1707,0
1708,0
1709,0
1710,0
1711,0
1712,0
1713,0
1714,0
1715,0
1716,0
1717,0
1718,0
1719,0
1720,0
1721,0
1722,0
1723,0
1724,0
1725,0
1726,0
1727,0
1728,0
1729,0
1730,0
1731,0
1732,0
1733,0
1734,0
1735,0
1736,0
1737,0
1738,0
1739,0
1740,6
1741,0
1742,0
1743,0
1744,0
1745,0
1746,0
1747,0
1748,0
1749,0
1750,0
1751,0
1752,6
1753,0
1754,0
1755,0
1756,0
1757,0
1758,0
1759,0
1760,0
1761,0
1762,0
1763,0
1764,0
1765,0
1766,0
1767,0
1768,0
1769,0
1770,0
1771,0
1772,0
1773,0
1774,0
1775,0
1776,0
1777,0
1778,0
1779,0
1780,0
1781,0
1782,0
1783,0
1784,0
1785,0
1786,0
1787,0
1788,0
1789,0
1790,0
1791,0
1792,0
1793,0
1794,0
1795,0
1796,0
1797,0
1798,0
1799,6
1800,0
1801,0
1802,0
1803,0
1804,0
1805,0
1806,0
1807,0
1808,0
1809,0
1810,0
1811,0
1812,0
1813,0
1814,0
1815,0
1816,0
1817,0
1818,0
1819,0
1820,0
1821,0
1822,0
1823,0
1824,0
1825,0
1826,0
1827,0
1828,0
1829,0
1830,0
1831,0
1832,0
1833,0
1834,0
1835,0
1836,0
1837,0
1838,0
1839,0
1840,0
1841,0
1842,0
1843,0
1844,0
1845,0
1846,0
1847,0
1848,0
1849,0
1850,0
1851,0
1852,0
1853,0
1854,0
1855,0
1856,0
1857,0
1858,0
1859,0
1860,0
1861,0
1862,0
1863,0
1864,0
1865,0
1866,0
1867,0
1868,0
1869,0
1870,0
1871,0
1872,0
1873,0
1874,0
1875,0
1876,0
1877,0
1878,0
1879,0
1880,0
1881,0
1882,0
1883,0
1884,0
1885,0
1886,0
1887,0
1888,0
1889,0
1890,0
1891,0
1892,0
1893,0
1894,0
1895,0
1896,0
1897,0
1898,0
1899,0
1900,0
1901,0
1902,0
1903,0
1904,0
1905,0
1906,0
1907,0
1908,0
1909,0
1910,0
1911,0
1912,0
1913,0
1914,0
1915,0
1916,0
1917,0
1918,0
1919,0
1920,0
1921,0
1922,0
1923,0
1924,0
1925,0
1926,0
1927,0
1928,0
1929,0
1930,0
1931,0
1932,0
1933,0
1934,0
1935,0
1936,0
1937,0
1938,0
1939,0
1940,0
1941,0
1942,0
1943,0
1944,0
1945,0
1946,0
1947,0
1948,0
1949,0
1950,0
1951,0
1952,0
1953,0
1954,0
1955,0
1956,0
1957,0
1958,0
1959,0
1960,0
1961,0
1962,0
1963,0
1964,0
1965,0
1966,0
1967,0
1968,0
1969,0
1970,0
1971,0
1972,0
1973,0
1974,0
1975,0
1976,0
1977,0
1978,0
1979,0
1980,0
1981,0
1982,0
1983,0
1984,0
1985,0
1986,0
1987,0
1988,0
1989,0
1990,0
1991,0
1992,0
1993,0
1994,0
1995,0
1996,0
1997,0
1998,0
1999,0
2000,2
2001,2
2002,2
2003,2
2004,2
2005,2
2006,2
2007,2
2008,2
2009,2
2010,2
2011,2
2012,2
2013,2
2014,2
2015,2
2016,2
2017,2
2018,2
2019,2
2020,2
2021,2
2022,2
2023,2
2024,2
2025,2
2026,2
2027,2
2028,2
2029,2
2030,2
2031,2
2032,2
2033,2
2034,2
2035,2
2036,2
2037,2
2038,6
2039,2
2040,2
2041,2
2042,2
2043,2
2044,2
2045,2
2046,2
2047,6
2048,2
2049,2
2050,2
2051,2
2052,2
2053,2
2054,2
2055,2
2056,2
2057,2
2058,2
2059,6
2060,2
2061,2
2062,2
2063,2
2064,2
2065,2
2066,2
2067,2
2068,2
2069,2
2070,2
2071,2
2072,2
2073,2
2074,2
2075,2
2076,2
2077,2
2078,2
2079,2
2080,2
2081,6
2082,2
2083,2
2084,2
2085,2
2086,2
2087,2
2088,2
2089,2
2090,2
2091,2
2092,2
2093,2
2094,2
2095,2
2096,2
2097,2
2098,2
2099,2
2100,2
2101,2
2102,2
2103,2
2104,2
2105,2
2106,2
2107,2
2108,2
2109,2
2110,6
2111,2
2112,2
2113,2
2114,2
2115,2
2116,2
2117,2
2118,2
2119,2
2120,2
2121,2
2122,2
2123,2
2124,2
2125,2
2126,2
2127,2
2128,2
2129,2
2130,2
2131,2
2132,2
2133,2
2134,2
2135,2
2136,2
2137,2
2138,2
2139,2
2140,2
2141,2
2142,2
2143,3
2144,2
2145,2
2146,2
2147,2
2148,2
2149,2
2150,2
2151,2
2152,2
2153,2
2154,2
2155,2
2156,2
2157,2
2158,2
2159,2
2160,2
2161,2
2162,2
2163,2
2164,2
2165,2
2166,2
2167,2
2168,2
2169,2
2170,2
2171,2
2172,2
2173,2
2174,2
2175,2
2176,2
2177,2
2178,2
2179,2
2180,3
2181,2
2182,2
2183,2
2184,2
2185,2
2186,2
2187,2
2188,2
2189,2
2190,2
2191,2
2192,2
2193,2
2194,2
2195,2
2196,2
2197,2
2198,2
2199,6
2200,2
2201,2
2202,2
2203,2
2204,2
2205,6
2206,2
2207,2
2208,2
2209,2
2210,2
2211,2
2212,2
2213,2
2214,2
2215,2
2216,2
2217,2
2218,2
2219,2
2220,2
2221,2
2222,2
2223,2
2224,2
2225,2
2226,2
2227,2
2228,2
2229,2
2230,2
2231,2
2232,2
2233,2
2234,2
2235,2
2236,2
2237,2
2238,2
2239,2
2240,2
2241,2
2242,2
2243,2
2244,2
2245,2
2246,2
2247,2
2248,2
2249,2
2250,2
2251,2
2252,2
2253,2
2254,2
2255,2
2256,2
2257,2
2258,2
2259,2
2260,2
2261,2
2262,2
2263,2
2264,2
2265,2
2266,2
2267,2
2268,2
2269,2
2270,2
2271,2
2272,2
2273,2
2274,2
2275,2
2276,2
2277,2
2278,2
2279,2
2280,2
2281,2
2282,2
2283,2
2284,2
2285,2
2286,6
2287,2
2288,2
2289,2
2290,2
2291,2
2292,2
2293,2
2294,6
2295,2
2296,2
2297,2
2298,2
2299,2
2300,2
2301,6
2302,2
2303,2
2304,2
2305,2
2306,2
2307,2
2308,2
2309,2
2310,2
2311,2
2312,2
2313,2
2314,2
2315,2
2316,2
2317,2
2318,2
2319,2
2320,2
2321,2
2322,2
2323,2
2324,2
2325,2
2326,2
2327,2
2328,2
2329,2
2330,2
2331,2
2332,2
2333,2
2334,2
2335,2
2336,2
2337,2
2338,2
2339,2
2340,2
2341,2
2342,2
2343,2
2344,2
2345,2
2346,2
2347,2
2348,2
2349,2
2350,2
2351,2
2352,2
2353,2
2354,2
2355,2
2356,2
2357,0
2358,2
2359,2
2360,2
2361,2
2362,2
2363,2
2364,2
2365,2
2366,2
2367,2
2368,2
2369,2
2370,2
2371,2
2372,2
2373,2
2374,2
2375,2
2376,2
2377,2
2378,2
2379,2
2380,2
2381,2
2382,2
2383,2
2384,2
2385,2
2386,2
2387,2
2388,2
2389,2
2390,2
2391,6
2392,2
2393,2
2394,2
2395,2
2396,2
2397,2
2398,2
2399,2
2400,2
2401,2
2402,2
2403,2
2404,2
2405,2
2406,2
2407,2
2408,2
2409,2
2410,2
2411,2
2412,2
2413,2
2414,2
2415,2
2416,2
2417,2
2418,2
2419,2
2420,2
2421,2
2422,2
2423,2
2424,2
2425,2
2426,2
2427,2
2428,2
2429,2
2430,2
2431,2
2432,2
2433,2
2434,6
2435,2
2436,2
2437,2
2438,2
2439,2
2440,2
2441,2
2442,2
2443,2
2444,2
2445,2
2446,2
2447,2
2448,2
2449,2
2450,2
2451,2
2452,2
2453,2
2454,2
2455,2
2456,2
2457,2
2458,2
2459,2
2460,2
2461,2
2462,2
2463,2
2464,2
2465,2
2466,2
2467,2
2468,2
2469,2
2470,2
2471,2
2472,2
2473,2
2474,2
2475,2
2476,2
2477,2
2478,2
2479,2
2480,2
2481,2
2482,2
2483,2
2484,2
2485,2
2486,2
2487,2
2488,2
2489,2
2490,2
2491,2
2492,2
2493,2
2494,2
2495,2
2496,2
2497,2
2498,2
2499,2
2500,2
2501,2
2502,2
2503,2
2504,2
2505,2
2506,2
2507,6
2508,2
2509,2
2510,2
2511,2
2512,2
2513,2
2514,2
2515,2
2516,2
2517,2
2518,2
2519,2
2520,2
2521,2
2522,2
2523,2
2524,2
2525,2
2526,2
2527,2
2528,2
2529,2
2530,2
2531,2
2532,2
2533,2
2534,2
2535,2
2536,2
2537,2
2538,2
2539,2
2540,2
2541,2
2542,2
2543,2
2544,2
2545,2
2546,2
2547,2
2548,2
2549,2
2550,2
2551,2
2552,2
2553,2
2554,2
2555,2
2556,2
2557,2
2558,2
2559,2
2560,2
2561,2
2562,2
2563,2
2564,2
2565,2
2566,2
2567,2
2568,2
2569,2
2570,2
2571,2
2572,2
2573,2
2574,2
2575,2
2576,2
2577,2
2578,2
2579,2
2580,2
2581,2
2582,2
2583,2
2584,2
2585,2
2586,2
2587,2
2588,2
2589,2
2590,2
2591,2
2592,6
2593,2
2594,2
2595,2
2596,2
2597,2
2598,2
2599,2
2600,2
2601,2
2602,2
2603,2
2604,2
2605,2
2606,2
2607,2
2608,2
2609,2
2610,2
2611,2
2612,2
2613,2
2614,2
2615,2
2616,2
2617,2
2618,2
2619,2
2620,2
2621,2
2622,2
2623,2
2624,2
2625,2
2626,2
2627,2
2628,2
2629,2
2630,2
2631,2
2632,2
2633,2
2634,2
2635,2
2636,2
2637,2
2638,2
2639,2
2640,2
2641,2
2642,2
2643,2
2644,2
2645,2
2646,2
2647,2
2648,2
2649,2
2650,2
2651,2
2652,2
2653,2
2654,2
2655,2
2656,2
2657,2
2658,2
2659,2
2660,2
2661,2
2662,2
2663,2
2664,2
2665,2
2666,2
2667,2
2668,2
2669,2
2670,2
2671,2
2672,2
2673,2
2674,2
2675,2
2676,2
2677,2
2678,2
2679,2
2680,2
2681,2
2682,2
2683,2
2684,2
2685,2
2686,2
2687,2
2688,2
2689,2
2690,2
2691,2
2692,2
2693,2
2694,2
2695,2
2696,2
2697,2
2698,6
2699,2
2700,2
2701,2
2702,2
2703,2
2704,2
2705,2
2706,2
2707,2
2708,2
2709,6
2710,2
2711,2
2712,2
2713,2
2714,2
2715,2
2716,2
2717,2
2718,2
2719,2
2720,2
2721,2
2722,2
2723,2
2724,2
2725,2
2726,2
2727,2
2728,2
2729,2
2730,2
2731,2
2732,2
2733,2
2734,2
2735,2
2736,2
2737,2
2738,2
2739,2
2740,2
2741,2
2742,2
2743,2
2744,2
2745,2
2746,2
2747,2
2748,2
2749,2
2750,2
2751,2
2752,2
2753,2
2754,2
2755,2
2756,2
2757,2
2758,2
2759,2
2760,2
2761,2
2762,2
2763,2
2764,2
2765,2
2766,2
2767,2
2768,2
2769,2
2770,2
2771,2
2772,2
2773,2
2774,2
2775,2
2776,2
2777,2
2778,2
2779,2
2780,2
2781,6
2782,2
2783,2
2784,6
2785,6
2786,2
2787,2
2788,2
2789,2
2790,2
2791,2
2792,2
2793,2
2794,2
2795,2
2796,2
2797,2
2798,2
2799,2
2800,2
2801,2
2802,2
2803,2
2804,2
2805,2
2806,2
2807,6
2808,2
2809,2
2810,2
2811,2
2812,2
2813,2
2814,2
2815,2
2816,2
2817,2
2818,2
2819,2
2820,2
2821,2
2822,2
2823,2
2824,2
2825,2
2826,2
2827,2
2828,2
2829,2
2830,2
2831,2
2832,2
2833,6
2834,2
2835,2
2836,2
2837,2
2838,2
2839,2
2840,2
2841,2
2842,2
2843,2
2844,2
2845,2
2846,2
2847,2
2848,2
2849,2
2850,2
2851,2
2852,2
2853,2
2854,2
2855,2
2856,2
2857,2
2858,2
2859,2
2860,2
2861,2
2862,2
2863,2
2864,2
2865,2
2866,2
2867,2
2868,2
2869,2
2870,2
2871,2
2872,2
2873,2
2874,2
2875,2
2876,2
2877,2
2878,2
2879,2
2880,2
2881,2
2882,2
2883,2
2884,2
2885,2
2886,2
2887,2
2888,2
2889,2
2890,2
2891,2
2892,2
2893,2
2894,2
2895,2
2896,2
2897,2
2898,2
2899,2
2900,2
2901,2
2902,2
2903,2
2904,2
2905,2
2906,2
2907,2
2908,2
2909,2
2910,2
2911,2
2912,2
2913,2
2914,2
2915,2
2916,2
2917,2
2918,2
2919,2
2920,2
2921,2
2922,2
2923,2
2924,2
2925,2
2926,2
2927,2
2928,2
2929,2
2930,2
2931,2
2932,2
2933,2
2934,2
2935,2
2936,6
2937,2
2938,2
2939,2
2940,2
2941,2
2942,2
2943,2
2944,2
2945,2
2946,2
2947,2
2948,2
2949,2
2950,2
2951,2
2952,2
2953,2
2954,2
2955,2
2956,2
2957,2
2958,2
2959,2
2960,2
2961,2
2962,2
2963,2
2964,2
2965,2
2966,2
2967,2
2968,2
2969,6
2970,2
2971,2
2972,2
2973,6
2974,2
2975,2
2976,2
2977,2
2978,2
2979,2
2980,2
2981,2
2982,2
2983,2
2984,2
2985,2
2986,2
2987,2
2988,2
2989,2
2990,2
2991,2
2992,2
2993,2
2994,2
2995,2
2996,2
2997,2
2998,2
2999,2
3000,2
3001,2
3002,2
3003,2
3004,2
3005,2
3006,2
3007,2
3008,2
3009,2
3010,2
3011,2
3012,2
3013,2
3014,2
3015,2
3016,2
3017,2
3018,2
3019,2
3020,2
3021,2
3022,2
3023,2
3024,2
3025,2
3026,2
3027,2
3028,2
3029,2
3030,2
3031,2
3032,2
3033,2
3034,2
3035,2
3036,2
3037,2
3038,2
3039,2
3040,2
3041,2
3042,2
3043,2
3044,2
3045,2
3046,2
3047,2
3048,2
3049,2
3050,2
3051,2
3052,2
3053,2
3054,2
3055,2
3056,2
3057,2
3058,2
3059,2
3060,2
3061,2
3062,2
3063,2
3064,2
3065,2
3066,2
3067,2
3068,2
3069,2
3070,2
3071,2
3072,2
3073,2
3074,2
3075,2
3076,2
3077,2
3078,2
3079,2
3080,2
3081,2
3082,2
3083,2
3084,2
3085,2
3086,2
3087,2
3088,2
3089,2
3090,2
3091,2
3092,2
3093,2
3094,2
3095,2
3096,2
3097,2
3098,2
3099,2
3100,2
3101,2
3102,2
3103,2
3104,2
3105,2
3106,2
3107,2
3108,2
3109,2
3110,2
3111,2
3112,2
3113,2
3114,6
3115,2
3116,2
3117,2
3118,2
3119,2
3120,2
3121,2
3122,2
3123,2
3124,2
3125,2
3126,2
3127,2
3128,2
3129,2
3130,2
3131,2
3132,2
3133,2
3134,2
3135,2
3136,2
3137,2
3138,2
3139,2
3140,2
3141,2
3142,2
3143,2
3144,2
3145,2
3146,2
3147,2
3148,2
3149,2
3150,2
3151,2
3152,2
3153,2
3154,6
3155,2
3156,2
3157,2
3158,2
3159,2
3160,2
3161,2
3162,2
3163,2
3164,2
3165,2
3166,2
3167,2
3168,2
3169,2
3170,2
3171,2
3172,2
3173,2
3174,2
3175,2
3176,2
3177,2
3178,2
3179,2
3180,2
3181,2
3182,2
3183,2
3184,2
3185,2
3186,2
3187,2
3188,2
3189,2
3190,2
3191,3
3192,2
3193,2
3194,2
3195,2
3196,2
3197,2
3198,2
3199,2
3200,2
3201,2
3202,2
3203,2
3204,2
3205,2
3206,2
3207,2
3208,2
3209,2
3210,2
3211,2
3212,2
3213,2
3214,2
3215,2
3216,2
3217,2
3218,2
3219,2
3220,2
3221,2
3222,2
3223,2
3224,2
3225,2
3226,2
3227,2
3228,2
3229,2
3230,6
3231,2
3232,2
3233,2
3234,2
3235,2
3236,2
3237,2
3238,2
3239,2
3240,2
3241,2
3242,2
3243,2
3244,2
3245,2
3246,2
3247,2
3248,2
3249,2
3250,2
3251,2
3252,2
3253,2
3254,2
3255,2
3256,2
3257,2
3258,2
3259,2
3260,2
3261,2
3262,2
3263,2
3264,2
3265,2
3266,2
3267,2
3268,2
3269,2
3270,2
3271,2
3272,2
3273,2
3274,6
3275,6
3276,2
3277,2
3278,2
3279,2
3280,2
3281,2
3282,2
3283,2
3284,2
3285,2
3286,2
3287,2
3288,2
3289,2
3290,2
3291,2
3292,2
3293,2
3294,2
3295,2
3296,2
3297,2
3298,2
3299,2
3300,2
3301,2
3302,2
3303,2
3304,2
3305,2
3306,2
3307,2
3308,2
3309,2
3310,2
3311,2
3312,2
3313,2
3314,2
3315,2
3316,2
3317,2
3318,2
3319,2
3320,2
3321,2
3322,2
3323,2
3324,2
3325,2
3326,2
3327,2
3328,2
3329,2
3330,2
3331,2
3332,2
3333,2
3334,2
3335,2
3336,2
3337,2
3338,2
3339,2
3340,2
3341,2
3342,2
3343,2
3344,2
3345,2
3346,2
3347,2
3348,2
3349,2
3350,2
3351,2
3352,2
3353,2
3354,6
3355,2
3356,2
3357,2
3358,2
3359,2
3360,2
3361,2
3362,2
3363,6
3364,2
3365,2
3366,2
3367,2
3368,2
3369,2
3370,2
3371,2
3372,2
3373,2
3374,2
3375,2
3376,2
3377,2
3378,2
3379,2
3380,6
3381,2
3382,2
3383,2
3384,2
3385,2
3386,2
3387,2
3388,2
3389,2
3390,2
3391,2
3392,2
3393,2
3394,2
3395,2
3396,2
3397,2
3398,2
3399,2
3400,2
3401,2
3402,2
3403,2
3404,2
3405,2
3406,2
3407,2
3408,2
3409,2
3410,2
3411,2
3412,6
3413,2
3414,2
3415,2
3416,2
3417,2
3418,2
3419,2
3420,2
3421,2
3422,6
3423,2
3424,2
3425,2
3426,2
3427,2
3428,2
3429,2
3430,6
3431,2
3432,2
3433,2
3434,2
3435,2
3436,2
3437,2
3438,2
3439,2
3440,2
3441,6
3442,2
3443,6
3444,2
3445,2
3446,2
3447,2
3448,2
3449,2
3450,2
3451,2
3452,2
3453,2
3454,2
3455,2
3456,2
3457,2
3458,2
3459,2
3460,2
3461,2
3462,2
3463,2
3464,2
3465,2
3466,2
3467,2
3468,2
3469,2
3470,2
3471,2
3472,2
3473,2
3474,2
3475,2
3476,2
3477,2
3478,2
3479,2
3480,2
3481,2
3482,2
3483,2
3484,2
3485,2
3486,2
3487,2
3488,2
3489,2
3490,2
3491,2
3492,2
3493,2
3494,2
3495,2
3496,2
3497,2
3498,2
3499,2
3500,2
3501,2
3502,2
3503,2
3504,2
3505,2
3506,2
3507,2
3508,2
3509,2
3510,2
3511,2
3512,2
3513,2
3514,2
3515,2
3516,2
3517,2
3518,2
3519,2
3520,2
3521,2
3522,2
3523,2
3524,2
3525,2
3526,2
3527,2
3528,2
3529,2
3530,2
3531,2
3532,2
3533,2
3534,2
3535,2
3536,2
3537,2
3538,2
3539,2
3540,2
3541,2
3542,2
3543,2
3544,2
3545,2
3546,2
3547,2
3548,2
3549,2
3550,2
3551,2
3552,2
3553,2
3554,6
3555,2
3556,2
3557,2
3558,2
3559,2
3560,2
3561,2
3562,2
3563,2
3564,2
3565,2
3566,2
3567,2
3568,2
3569,2
3570,2
3571,2
3572,2
3573,6
3574,2
3575,2
3576,2
3577,2
3578,2
3579,6
3580,2
3581,2
3582,2
3583,2
3584,2
3585,2
3586,2
3587,2
3588,2
3589,2
3590,6
3591,2
3592,2
3593,2
3594,2
3595,2
3596,2
3597,2
3598,2
3599,2
3600,2
3601,2
3602,2
3603,2
3604,2
3605,2
3606,2
3607,2
3608,2
3609,2
3610,2
3611,2
3612,2
3613,2
3614,2
3615,2
3616,2
3617,2
3618,2
3619,2
3620,2
3621,2
3622,2
3623,2
3624,2
3625,2
3626,2
3627,2
3628,2
3629,2
3630,2
3631,2
3632,2
3633,2
3634,2
3635,2
3636,2
3637,2
3638,2
3639,2
3640,2
3641,2
3642,2
3643,2
3644,2
3645,2
3646,2
3647,2
3648,2
3649,2
3650,2
3651,2
3652,2
3653,2
3654,2
3655,2
3656,2
3657,2
3658,2
3659,2
3660,2
3661,2
3662,2
3663,2
3664,2
3665,2
3666,2
3667,2
3668,2
3669,2
3670,2
3671,2
3672,2
3673,2
3674,2
3675,2
3676,2
3677,2
3678,2
3679,2
3680,2
3681,2
3682,2
3683,2
3684,2
3685,2
3686,2
3687,2
3688,2
3689,2
3690,2
3691,2
3692,2
3693,2
3694,2
3695,2
3696,2
3697,2
3698,2
3699,2
3700,0
3701,2
3702,2
3703,2
3704,2
3705,2
3706,2
3707,2
3708,2
3709,2
3710,2
3711,2
3712,2
3713,2
3714,2
3715,2
3716,2
3717,2
3718,2
3719,2
3720,2
3721,2
3722,2
3723,2
3724,2
3725,2
3726,2
3727,6
3728,2
3729,2
3730,2
3731,2
3732,2
3733,2
3734,2
3735,2
3736,2
3737,2
3738,2
3739,2
3740,2
3741,2
3742,2
3743,2
3744,2
3745,2
3746,2
3747,2
3748,2
3749,2
3750,2
3751,2
3752,2
3753,2
3754,2
3755,2
3756,2
3757,2
3758,2
3759,2
3760,2
3761,2
3762,2
3763,2
3764,2
3765,2
3766,2
3767,2
3768,2
3769,2
3770,2
3771,2
3772,2
3773,2
3774,2
3775,2
3776,2
3777,2
3778,6
3779,2
3780,2
3781,2
3782,2
3783,2
3784,2
3785,2
3786,2
3787,2
3788,2
3789,2
3790,2
3791,2
3792,2
3793,2
3794,2
3795,2
3796,2
3797,2
3798,2
3799,2
3800,2
3801,2
3802,2
3803,2
3804,2
3805,2
3806,2
3807,2
3808,2
3809,2
3810,2
3811,2
3812,2
3813,2
3814,2
3815,2
3816,2
3817,2
3818,2
3819,2
3820,2
3821,2
3822,2
3823,2
3824,2
3825,2
3826,2
3827,2
3828,2
3829,2
3830,2
3831,2
3832,2
3833,2
3834,6
3835,2
3836,2
3837,2
3838,2
3839,2
3840,2
3841,2
3842,2
3843,2
3844,2
3845,2
3846,2
3847,2
3848,2
3849,2
3850,2
3851,2
3852,2
3853,2
3854,2
3855,2
3856,2
3857,2
3858,2
3859,2
3860,2
3861,2
3862,2
3863,2
3864,2
3865,2
3866,2
3867,2
3868,2
3869,2
3870,2
3871,2
3872,2
3873,2
3874,2
3875,2
3876,2
3877,2
3878,2
3879,2
3880,2
3881,2
3882,2
3883,2
3884,2
3885,2
3886,2
3887,2
3888,2
3889,2
3890,2
3891,2
3892,2
3893,2
3894,2
3895,2
3896,2
3897,2
3898,2
3899,2
3900,2
3901,2
3902,2
3903,2
3904,2
3905,2
3906,2
3907,2
3908,2
3909,2
3910,2
3911,2
3912,2
3913,2
3914,6
3915,2
3916,2
3917,2
3918,2
3919,2
3920,2
3921,2
3922,2
3923,2
3924,6
3925,0
3926,2
3927,2
3928,2
3929,2
3930,2
3931,2
3932,2
3933,2
3934,2
3935,2
3936,2
3937,2
3938,2
3939,2
3940,2
3941,2
3942,2
3943,6
3944,2
3945,2
3946,2
3947,2
3948,2
3949,2
3950,2
3951,6
3952,2
3953,2
3954,2
3955,2
3956,2
3957,2
3958,2
3959,2
3960,2
3961,2
3962,2
3963,2
3964,2
3965,2
3966,2
3967,2
3968,6
3969,2
3970,2
3971,2
3972,2
3973,2
3974,2
3975,2
3976,2
3977,2
3978,6
3979,2
3980,2
3981,2
3982,2
3983,2
3984,2
3985,2
3986,2
3987,2
3988,2
3989,2
3990,2
3991,2
3992,2
3993,2
3994,2
3995,2
3996,2
3997,6
3998,2
3999,2
4000,3
4001,3
4002,3
4003,3
4004,3
4005,3
4006,3
4007,3
4008,3
4009,3
4010,3
4011,3
4012,3
4013,3
4014,3
4015,3
4016,3
4017,3
4018,3
4019,3
4020,3
4021,3
4022,3
4023,3
4024,3
4025,3
4026,3
4027,3
4028,3
4029,3
4030,3
4031,3
4032,3
4033,3
4034,3
4035,3
4036,3
4037,3
4038,3
4039,3
4040,3
4041,3
4042,3
4043,3
4044,3
4045,3
4046,3
4047,3
4048,3
4049,3
4050,3
4051,3
4052,3
4053,3
4054,3
4055,3
4056,3
4057,3
4058,3
4059,3
4060,3
4061,3
4062,3
4063,3
4064,3
4065,3
4066,3
4067,3
4068,3
4069,3
4070,3
4071,3
4072,3
4073,3
4074,3
4075,3
4076,3
4077,3
4078,3
4079,3
4080,3
4081,3
4082,3
4083,3
4084,3
4085,3
4086,3
4087,3
4088,3
4089,3
4090,3
4091,3
4092,3
4093,3
4094,3
4095,3
4096,3
4097,3
4098,3
4099,3
4100,3
4101,3
4102,3
4103,3
4104,3
4105,3
4106,3
4107,3
4108,3
4109,3
4110,3
4111,3
4112,3
4113,3
4114,3
4115,3
4116,3
4117,3
4118,3
4119,3
4120,3
4121,3
4122,3
4123,3
4124,3
4125,3
4126,3
4127,3
4128,3
4129,3
4130,3
4131,3
4132,3
4133,3
4134,3
4135,3
4136,3
4137,3
4138,3
4139,3
4140,3
4141,3
4142,3
4143,3
4144,3
4145,3
4146,3
4147,3
4148,3
4149,3
4150,3
4151,3
4152,3
4153,3
4154,3
4155,3
4156,3
4157,3
4158,3
4159,3
4160,3
4161,3
4162,3
4163,3
4164,3
4165,3
4166,3
4167,3
4168,3
4169,3
4170,3
4171,3
4172,3
4173,3
4174,3
4175,3
4176,3
4177,3
4178,3
4179,3
4180,3
4181,3
4182,3
4183,3
4184,3
4185,3
4186,3
4187,3
4188,3
4189,3
4190,3
4191,3
4192,3
4193,3
4194,3
4195,3
4196,3
4197,3
4198,3
4199,3
4200,3
4201,3
4202,3
4203,3
4204,3
4205,3
4206,3
4207,3
4208,3
4209,3
4210,3
4211,3
4212,3
4213,3
4214,3
4215,3
4216,3
4217,3
4218,3
4219,3
4220,3
4221,3
4222,3
4223,3
4224,3
4225,3
4226,3
4227,3
4228,3
4229,3
4230,3
4231,3
4232,3
4233,3
4234,3
4235,3
4236,3
4237,3
4238,3
4239,3
4240,3
4241,3
4242,3
4243,3
4244,3
4245,3
4246,3
4247,3
4248,3
4249,3
4250,3
4251,3
4252,3
4253,3
4254,3
4255,3
4256,3
4257,3
4258,3
4259,3
4260,3
4261,3
4262,3
4263,3
4264,3
4265,3
4266,3
4267,3
4268,3
4269,3
4270,3
4271,3
4272,3
4273,3
4274,3
4275,3
4276,3
4277,3
4278,3
4279,3
4280,3
4281,3
4282,3
4283,3
4284,3
4285,3
4286,3
4287,3
4288,3
4289,3
4290,3
4291,3
4292,3
4293,3
4294,3
4295,3
4296,3
4297,3
4298,3
4299,3
4300,3
4301,3
4302,3
4303,3
4304,3
4305,3
4306,3
4307,3
4308,3
4309,3
4310,3
4311,3
4312,3
4313,3
4314,3
4315,3
4316,3
4317,3
4318,3
4319,3
4320,3
4321,3
4322,3
4323,3
4324,3
4325,3
4326,3
4327,3
4328,3
4329,3
4330,3
4331,3
4332,3
4333,3
4334,3
4335,3
4336,3
4337,3
4338,3
4339,3
4340,3
4341,3
4342,3
4343,3
4344,3
4345,3
4346,3
4347,3
4348,3
4349,3
4350,3
4351,3
4352,3
4353,3
4354,3
4355,3
4356,3
4357,3
4358,3
4359,3
4360,3
4361,3
4362,3
4363,3
4364,3
4365,3
4366,3
4367,3
4368,3
4369,3
4370,3
4371,3
4372,3
4373,3
4374,3
4375,3
4376,3
4377,3
4378,3
4379,3
4380,3
4381,3
4382,3
4383,3
4384,3
4385,3
4386,3
4387,3
4388,3
4389,3
4390,3
4391,3
4392,3
4393,3
4394,3
4395,3
4396,3
4397,3
4398,3
4399,3
4400,3
4401,3
4402,3
4403,3
4404,3
4405,3
4406,3
4407,3
4408,3
4409,3
4410,3
4411,3
4412,3
4413,3
4414,3
4415,3
4416,3
4417,3
4418,3
4419,3
4420,3
4421,3
4422,3
4423,3
4424,3
4425,3
4426,3
4427,3
4428,3
4429,3
4430,3
4431,3
4432,3
4433,3
4434,3
4435,3
4436,3
4437,3
4438,3
4439,3
4440,3
4441,3
4442,3
4443,3
4444,3
4445,3
4446,3
4447,3
4448,3
4449,3
4450,3
4451,3
4452,3
4453,3
4454,3
4455,3
4456,3
4457,3
4458,3
4459,3
4460,3
4461,3
4462,3
4463,3
4464,3
4465,3
4466,3
4467,3
4468,3
4469,3
4470,3
4471,3
4472,3
4473,3
4474,3
4475,3
4476,3
4477,3
4478,3
4479,3
4480,3
4481,3
4482,3
4483,3
4484,3
4485,3
4486,3
4487,3
4488,3
4489,3
4490,3
4491,3
4492,3
4493,3
4494,3
4495,3
4496,3
4497,3
4498,3
4499,3
4500,3
4501,3
4502,3
4503,3
4504,3
4505,3
4506,3
4507,3
4508,3
4509,3
4510,3
4511,3
4512,3
4513,3
4514,3
4515,3
4516,3
4517,3
4518,3
4519,3
4520,3
4521,3
4522,3
4523,3
4524,3
4525,3
4526,3
4527,3
4528,3
4529,3
4530,3
4531,3
4532,3
4533,3
4534,3
4535,3
4536,3
4537,3
4538,3
4539,3
4540,3
4541,3
4542,3
4543,3
4544,3
4545,3
4546,3
4547,3
4548,3
4549,3
4550,3
4551,3
4552,3
4553,3
4554,3
4555,3
4556,3
4557,3
4558,3
4559,3
4560,3
4561,3
4562,3
4563,3
4564,3
4565,3
4566,3
4567,3
4568,3
4569,3
4570,3
4571,3
4572,3
4573,3
4574,3
4575,3
4576,3
4577,3
4578,3
4579,3
4580,3
4581,3
4582,3
4583,3
4584,3
4585,3
4586,3
4587,3
4588,3
4589,3
4590,3
4591,3
4592,3
4593,3
4594,3
4595,3
4596,3
4597,3
4598,3
4599,3
4600,3
4601,3
4602,3
4603,3
4604,3
4605,3
4606,3
4607,3
4608,3
4609,3
4610,3
4611,3
4612,3
4613,3
4614,3
4615,3
4616,3
4617,3
4618,3
4619,3
4620,3
4621,3
4622,3
4623,3
4624,3
4625,3
4626,3
4627,3
4628,3
4629,3
4630,3
4631,3
4632,3
4633,3
4634,3
4635,3
4636,3
4637,3
4638,3
4639,3
4640,3
4641,3
4642,3
4643,3
4644,3
4645,3
4646,3
4647,3
4648,3
4649,3
4650,3
4651,3
4652,3
4653,3
4654,3
4655,3
4656,3
4657,3
4658,3
4659,3
4660,3
4661,3
4662,3
4663,3
4664,3
4665,3
4666,3
4667,3
4668,3
4669,3
4670,3
4671,3
4672,3
4673,3
4674,3
4675,3
4676,3
4677,3
4678,3
4679,3
4680,3
4681,3
4682,3
4683,3
4684,3
4685,3
4686,3
4687,3
4688,3
4689,3
4690,3
4691,3
4692,3
4693,3
4694,3
4695,3
4696,3
4697,3
4698,3
4699,3
4700,3
4701,3
4702,3
4703,3
4704,3
4705,3
4706,3
4707,3
4708,3
4709,3
4710,3
4711,3
4712,3
4713,3
4714,3
4715,3
4716,3
4717,3
4718,3
4719,3
4720,3
4721,3
4722,3
4723,3
4724,3
4725,3
4726,3
4727,3
4728,3
4729,3
4730,3
4731,3
4732,3
4733,3
4734,3
4735,3
4736,3
4737,3
4738,3
4739,3
4740,3
4741,3
4742,3
4743,3
4744,3
4745,3
4746,3
4747,3
4748,3
4749,3
4750,3
4751,3
4752,3
4753,3
4754,3
4755,3
4756,3
4757,3
4758,3
4759,3
4760,3
4761,3
4762,3
4763,3
4764,3
4765,3
4766,3
4767,3
4768,3
4769,3
4770,3
4771,3
4772,3
4773,3
4774,3
4775,3
4776,3
4777,3
4778,3
4779,3
4780,3
4781,3
4782,3
4783,3
4784,3
4785,3
4786,3
4787,3
4788,3
4789,3
4790,3
4791,3
4792,3
4793,3
4794,3
4795,3
4796,3
4797,3
4798,3
4799,3
4800,3
4801,3
4802,3
4803,3
4804,3
4805,3
4806,3
4807,3
4808,3
4809,3
4810,3
4811,3
4812,3
4813,3
4814,3
4815,3
4816,3
4817,3
4818,3
4819,3
4820,3
4821,3
4822,3
4823,3
4824,3
4825,3
4826,3
4827,3
4828,3
4829,3
4830,3
4831,3
4832,3
4833,3
4834,3
4835,3
4836,3
4837,3
4838,3
4839,3
4840,3
4841,3
4842,3
4843,3
4844,3
4845,3
4846,3
4847,3
4848,3
4849,3
4850,3
4851,3
4852,3
4853,3
4854,3
4855,3
4856,3
4857,3
4858,3
4859,3
4860,3
4861,3
4862,3
4863,3
4864,3
4865,3
4866,3
4867,3
4868,3
4869,3
4870,3
4871,3
4872,3
4873,3
4874,3
4875,3
4876,3
4877,3
4878,3
4879,3
4880,3
4881,3
4882,3
4883,3
4884,3
4885,3
4886,3
4887,3
4888,3
4889,3
4890,3
4891,3
4892,3
4893,3
4894,3
4895,3
4896,3
4897,3
4898,3
4899,3
4900,3
4901,3
4902,3
4903,3
4904,3
4905,3
4906,3
4907,3
4908,3
4909,3
4910,3
4911,3
4912,3
4913,3
4914,3
4915,3
4916,3
4917,3
4918,3
4919,3
4920,3
4921,3
4922,3
4923,3
4924,3
4925,3
4926,3
4927,3
4928,3
4929,3
4930,3
4931,3
4932,3
4933,3
4934,3
4935,3
4936,3
4937,3
4938,3
4939,3
4940,3
4941,3
4942,3
4943,3
4944,3
4945,3
4946,3
4947,3
4948,3
4949,3
4950,3
4951,3
4952,3
4953,3
4954,3
4955,3
4956,3
4957,3
4958,3
4959,3
4960,3
4961,3
4962,3
4963,3
4964,3
4965,3
4966,3
4967,3
4968,3
4969,3
4970,3
4971,3
4972,3
4973,3
4974,3
4975,3
4976,3
4977,3
4978,3
4979,3
4980,3
4981,3
4982,3
4983,3
4984,3
4985,3
4986,3
4987,3
4988,3
4989,3
4990,3
4991,3
4992,3
4993,3
4994,3
4995,3
4996,3
4997,3
4998,3
4999,3
5000,3
5001,3
5002,3
5003,3
5004,3
5005,3
5006,3
5007,3
5008,3
5009,3
5010,3
5011,3
5012,3
5013,3
5014,3
5015,3
5016,3
5017,3
5018,3
5019,3
5020,3
5021,3
5022,3
5023,3
5024,3
5025,3
5026,3
5027,3
5028,3
5029,3
5030,3
5031,3
5032,3
5033,3
5034,3
5035,3
5036,3
5037,3
5038,3
5039,3
5040,3
5041,3
5042,3
5043,3
5044,3
5045,3
5046,3
5047,3
5048,3
5049,3
5050,3
5051,3
5052,3
5053,3
5054,3
5055,3
5056,3
5057,3
5058,3
5059,3
5060,3
5061,3
5062,3
5063,3
5064,3
5065,3
5066,3
5067,3
5068,3
5069,3
5070,3
5071,3
5072,3
5073,3
5074,3
5075,3
5076,3
5077,3
5078,3
5079,3
5080,3
5081,3
5082,3
5083,3
5084,3
5085,3
5086,3
5087,3
5088,3
5089,3
5090,3
5091,6
5092,3
5093,3
5094,3
5095,3
5096,3
5097,3
5098,3
5099,3
5100,3
5101,3
5102,3
5103,3
5104,3
5105,3
5106,3
5107,3
5108,3
5109,3
5110,3
5111,3
5112,3
5113,3
5114,3
5115,3
5116,3
5117,3
5118,3
5119,3
5120,3
5121,3
5122,3
5123,3
5124,3
5125,3
5126,3
5127,3
5128,3
5129,3
5130,3
5131,3
5132,3
5133,3
5134,3
5135,3
5136,3
5137,3
5138,3
5139,3
5140,3
5141,3
5142,3
5143,3
5144,3
5145,3
5146,3
5147,3
5148,3
5149,3
5150,3
5151,3
5152,3
5153,3
5154,3
5155,3
5156,3
5157,3
5158,3
5159,3
5160,3
5161,3
5162,3
5163,3
5164,3
5165,3
5166,3
5167,3
5168,3
5169,3
5170,3
5171,3
5172,3
5173,3
5174,3
5175,3
5176,3
5177,3
5178,3
5179,3
5180,3
5181,3
5182,3
5183,3
5184,3
5185,3
5186,3
5187,3
5188,3
5189,3
5190,3
5191,3
5192,3
5193,3
5194,3
5195,3
5196,3
5197,3
5198,3
5199,3
5200,3
5201,3
5202,3
5203,3
5204,3
5205,3
5206,3
5207,3
5208,3
5209,3
5210,3
5211,3
5212,3
5213,3
5214,3
5215,3
5216,3
5217,3
5218,3
5219,3
5220,3
5221,3
5222,3
5223,3
5224,3
5225,3
5226,3
5227,3
5228,3
5229,3
5230,3
5231,3
5232,3
5233,3
5234,3
5235,3
5236,3
5237,3
5238,3
5239,3
5240,3
5241,3
5242,3
5243,3
5244,3
5245,3
5246,3
5247,3
5248,3
5249,3
5250,3
5251,3
5252,3
5253,3
5254,3
5255,3
5256,3
5257,3
5258,3
5259,3
5260,3
5261,3
5262,3
5263,3
5264,3
5265,3
5266,3
5267,3
5268,3
5269,3
5270,3
5271,3
5272,3
5273,3
5274,3
5275,3
5276,3
5277,3
5278,3
5279,3
5280,3
5281,3
5282,3
5283,3
5284,3
5285,3
5286,3
5287,3
5288,3
5289,3
5290,3
5291,3
5292,3
5293,3
5294,3
5295,3
5296,3
5297,3
5298,3
5299,3
5300,3
5301,3
5302,3
5303,3
5304,3
5305,3
5306,3
5307,3
5308,3
5309,3
5310,3
5311,3
5312,3
5313,3
5314,3
5315,3
5316,3
5317,3
5318,3
5319,3
5320,3
5321,3
5322,3
5323,3
5324,3
5325,3
5326,3
5327,3
5328,3
5329,3
5330,3
5331,3
5332,3
5333,3
5334,3
5335,3
5336,3
5337,3
5338,3
5339,3
5340,3
5341,3
5342,3
5343,3
5344,3
5345,3
5346,3
5347,3
5348,3
5349,3
5350,3
5351,3
5352,3
5353,3
5354,3
5355,3
5356,3
5357,3
5358,3
5359,3
5360,3
5361,3
5362,3
5363,3
5364,3
5365,3
5366,3
5367,3
5368,3
5369,3
5370,3
5371,3
5372,3
5373,3
5374,3
5375,3
5376,3
5377,3
5378,3
5379,3
5380,3
5381,3
5382,3
5383,3
5384,3
5385,3
5386,3
5387,3
5388,3
5389,3
5390,3
5391,3
5392,3
5393,3
5394,3
5395,3
5396,3
5397,3
5398,3
5399,3
5400,3
5401,3
5402,3
5403,3
5404,3
5405,3
5406,3
5407,3
5408,3
5409,3
5410,3
5411,3
5412,3
5413,3
5414,3
5415,3
5416,3
5417,3
5418,3
5419,3
5420,3
5421,3
5422,3
5423,3
5424,3
5425,3
5426,3
5427,3
5428,3
5429,3
5430,3
5431,3
5432,3
5433,3
5434,3
5435,3
5436,3
5437,3
5438,3
5439,3
5440,3
5441,3
5442,3
5443,3
5444,3
5445,3
5446,3
5447,3
5448,3
5449,3
5450,3
5451,3
5452,3
5453,3
5454,3
5455,3
5456,3
5457,3
5458,3
5459,3
5460,3
5461,3
5462,3
5463,3
5464,3
5465,3
5466,3
5467,3
5468,3
5469,3
5470,3
5471,3
5472,3
5473,3
5474,3
5475,3
5476,3
5477,3
5478,3
5479,3
5480,3
5481,3
5482,3
5483,3
5484,3
5485,3
5486,3
5487,3
5488,3
5489,3
5490,3
5491,3
5492,3
5493,3
5494,3
5495,3
5496,3
5497,3
5498,3
5499,3
5500,3
5501,3
5502,3
5503,3
5504,3
5505,3
5506,3
5507,3
5508,3
5509,3
5510,3
5511,3
5512,3
5513,3
5514,3
5515,3
5516,3
5517,3
5518,3
5519,3
5520,3
5521,3
5522,3
5523,3
5524,3
5525,3
5526,3
5527,3
5528,3
5529,3
5530,3
5531,3
5532,3
5533,3
5534,3
5535,3
5536,3
5537,3
5538,3
5539,3
5540,3
5541,3
5542,3
5543,3
5544,3
5545,3
5546,3
5547,3
5548,3
5549,3
5550,3
5551,3
5552,3
5553,3
5554,3
5555,3
5556,3
5557,3
5558,3
5559,3
5560,3
5561,3
5562,3
5563,0
5564,3
5565,3
5566,3
5567,3
5568,3
5569,3
5570,3
5571,3
5572,3
5573,3
5574,3
5575,3
5576,3
5577,3
5578,3
5579,3
5580,3
5581,3
5582,3
5583,3
5584,3
5585,3
5586,3
5587,3
5588,3
5589,3
5590,3
5591,3
5592,3
5593,3
5594,3
5595,3
5596,3
5597,3
5598,3
5599,3
5600,3
5601,3
5602,3
5603,3
5604,3
5605,3
5606,3
5607,3
5608,3
5609,3
5610,3
5611,3
5612,3
5613,3
5614,3
5615,3
5616,3
5617,3
5618,3
5619,3
5620,3
5621,3
5622,3
5623,3
5624,3
5625,3
5626,3
5627,3
5628,3
5629,3
5630,3
5631,3
5632,3
5633,3
5634,3
5635,3
5636,3
5637,3
5638,3
5639,3
5640,3
5641,3
5642,3
5643,3
5644,3
5645,3
5646,3
5647,3
5648,3
5649,3
5650,3
5651,3
5652,3
5653,3
5654,3
5655,3
5656,3
5657,3
5658,3
5659,3
5660,3
5661,3
5662,3
5663,3
5664,3
5665,3
5666,3
5667,3
5668,3
5669,3
5670,3
5671,3
5672,3
5673,3
5674,3
5675,3
5676,3
5677,3
5678,3
5679,3
5680,3
5681,3
5682,3
5683,3
5684,3
5685,3
5686,3
5687,3
5688,3
5689,3
5690,3
5691,3
5692,3
5693,3
5694,3
5695,3
5696,3
5697,3
5698,3
5699,3
5700,3
5701,3
5702,3
5703,3
5704,3
5705,3
5706,3
5707,3
5708,3
5709,3
5710,3
5711,3
5712,3
5713,3
5714,3
5715,3
5716,3
5717,3
5718,3
5719,3
5720,3
5721,3
5722,3
5723,3
5724,3
5725,3
5726,3
5727,3
5728,3
5729,3
5730,3
5731,3
5732,3
5733,3
5734,3
5735,3
5736,3
5737,3
5738,3
5739,3
5740,3
5741,3
5742,3
5743,3
5744,3
5745,3
5746,3
5747,3
5748,3
5749,3
5750,3
5751,3
5752,3
5753,3
5754,3
5755,3
5756,3
5757,3
5758,3
5759,3
5760,3
5761,3
5762,3
5763,3
5764,3
5765,3
5766,3
5767,3
5768,3
5769,3
5770,3
5771,3
5772,3
5773,3
5774,3
5775,3
5776,3
5777,3
5778,3
5779,3
5780,3
5781,3
5782,3
5783,3
5784,3
5785,3
5786,3
5787,3
5788,3
5789,3
5790,3
5791,3
5792,3
5793,3
5794,3
5795,3
5796,3
5797,3
5798,3
5799,3
5800,3
5801,3
5802,3
5803,3
5804,3
5805,3
5806,3
5807,3
5808,3
5809,3
5810,3
5811,3
5812,3
5813,3
5814,3
5815,3
5816,3
5817,3
5818,3
5819,3
5820,3
5821,3
5822,3
5823,3
5824,3
5825,3
5826,3
5827,3
5828,3
5829,3
5830,3
5831,3
5832,3
5833,3
5834,3
5835,3
5836,3
5837,3
5838,3
5839,3
5840,3
5841,3
5842,3
5843,3
5844,3
5845,3
5846,3
5847,3
5848,3
5849,3
5850,3
5851,3
5852,3
5853,3
5854,3
5855,3
5856,3
5857,3
5858,3
5859,3
5860,3
5861,3
5862,3
5863,3
5864,3
5865,3
5866,3
5867,3
5868,3
5869,3
5870,3
5871,3
5872,3
5873,3
5874,3
5875,3
5876,3
5877,3
5878,3
5879,3
5880,3
5881,3
5882,3
5883,3
5884,3
5885,3
5886,3
5887,3
5888,3
5889,3
5890,3
5891,3
5892,3
5893,3
5894,3
5895,3
5896,3
5897,3
5898,3
5899,3
5900,3
5901,3
5902,3
5903,3
5904,3
5905,3
5906,3
5907,3
5908,3
5909,3
5910,3
5911,3
5912,3
5913,3
5914,3
5915,3
5916,3
5917,3
5918,3
5919,3
5920,3
5921,3
5922,3
5923,3
5924,3
5925,3
5926,3
5927,3
5928,3
5929,3
5930,3
5931,3
5932,3
5933,3
5934,3
5935,3
5936,3
5937,3
5938,3
5939,3
5940,3
5941,3
5942,3
5943,3
5944,3
5945,3
5946,3
5947,3
5948,3
5949,3
5950,3
5951,3
5952,3
5953,3
5954,3
5955,3
5956,3
5957,3
5958,3
5959,3
5960,3
5961,3
5962,3
5963,3
5964,3
5965,3
5966,3
5967,3
5968,3
5969,3
5970,3
5971,3
5972,3
5973,3
5974,3
5975,3
5976,3
5977,3
5978,3
5979,3
5980,3
5981,3
5982,3
5983,3
5984,3
5985,3
5986,3
5987,3
5988,3
5989,3
5990,3
5991,3
5992,3
5993,3
5994,3
5995,3
5996,3
5997,3
5998,3
5999,3
6000,6
6001,6
6002,6
6003,6
6004,6
6005,6
6006,6
6007,6
6008,6
6009,6
6010,6
6011,6
6012,3
6013,6
6014,6
6015,6
6016,6
6017,6
6018,6
6019,6
6020,6
6021,6
6022,6
6023,6
6024,6
6025,6
6026,6
6027,6
6028,6
6029,6
6030,6
6031,6
6032,6
6033,6
6034,6
6035,6
6036,6
6037,6
6038,6
6039,6
6040,6
6041,6
6042,6
6043,6
6044,6
6045,6
6046,6
6047,6
6048,6
6049,6
6050,6
6051,6
6052,6
6053,6
6054,6
6055,6
6056,3
6057,6
6058,6
6059,6
6060,6
6061,6
6062,6
6063,6
6064,6
6065,6
6066,6
6067,2
6068,6
6069,6
6070,6
6071,6
6072,6
6073,6
6074,6
6075,6
6076,6
6077,6
6078,6
6079,6
6080,6
6081,6
6082,6
6083,6
6084,6
6085,6
6086,6
6087,6
6088,6
6089,6
6090,6
6091,6
6092,6
6093,6
6094,6
6095,6
6096,6
6097,6
6098,6
6099,6
6100,6
6101,6
6102,6
6103,6
6104,6
6105,6
6106,6
6107,0
6108,6
6109,6
6110,6
6111,6
6112,0
6113,6
6114,6
6115,6
6116,6
6117,6
6118,6
6119,6
6120,6
6121,6
6122,6
6123,6
6124,6
6125,6
6126,6
6127,6
6128,6
6129,6
6130,6
6131,6
6132,6
6133,6
6134,6
6135,6
6136,6
6137,6
6138,6
6139,6
6140,6
6141,6
6142,6
6143,6
6144,6
6145,6
6146,6
6147,6
6148,6
6149,6
6150,6
6151,2
6152,6
6153,6
6154,6
6155,6
6156,6
6157,6
6158,3
6159,6
6160,6
6161,6
6162,6
6163,6
6164,6
6165,6
6166,6
6167,6
6168,6
6169,6
6170,6
6171,6
6172,6
6173,6
6174,6
6175,6
6176,6
6177,6
6178,6
6179,0
6180,6
6181,3
6182,6
6183,6
6184,6
6185,6
6186,6
6187,6
6188,6
6189,6
6190,6
6191,6
6192,6
6193,6
6194,0
6195,6
6196,6
6197,6
6198,6
6199,6
6200,6
6201,6
6202,6
6203,6
6204,6
6205,6
6206,6
6207,0
6208,6
6209,6
6210,6
6211,6
6212,6
6213,6
6214,6
6215,6
6216,6
6217,6
6218,6
6219,6
6220,6
6221,6
6222,6
6223,6
6224,6
6225,6
6226,6
6227,6
6228,6
6229,6
6230,6
6231,6
6232,6
6233,0
6234,6
6235,6
6236,6
6237,6
6238,6
6239,6
6240,6
6241,6
6242,6
6243,6
6244,6
6245,6
6246,6
6247,6
6248,6
6249,6
6250,6
6251,0
6252,6
6253,6
6254,6
6255,6
6256,6
6257,6
6258,6
6259,6
6260,6
6261,6
6262,6
6263,6
6264,6
6265,6
6266,6
6267,6
6268,6
6269,6
6270,6
6271,6
6272,0
6273,6
6274,6
6275,6
6276,6
6277,6
6278,6
6279,6
6280,6
6281,6
6282,6
6283,6
6284,6
6285,6
6286,6
6287,6
6288,6
6289,6
6290,6
6291,6
6292,6
6293,6
6294,0
6295,6
6296,6
6297,6
6298,6
6299,6
6300,6
6301,6
6302,6
6303,6
6304,6
6305,6
6306,6
6307,6
6308,6
6309,6
6310,6
6311,6
6312,6
6313,6
6314,6
6315,6
6316,6
6317,6
6318,6
6319,6
6320,6
6321,6
6322,6
6323,6
6324,6
6325,6
6326,6
6327,0
6328,6
6329,6
6330,6
6331,6
6332,6
6333,6
6334,6
6335,6
6336,6
6337,6
6338,6
6339,0
6340,6
6341,6
6342,6
6343,6
6344,6
6345,6
6346,3
6347,6
6348,6
6349,6
6350,6
6351,6
6352,6
6353,6
6354,6
6355,6
6356,6
6357,6
6358,6
6359,6
6360,6
6361,6
6362,6
6363,6
6364,6
6365,6
6366,6
6367,6
6368,6
6369,6
6370,6
6371,6
6372,6
6373,6
6374,6
6375,6
6376,6
6377,6
6378,6
6379,6
6380,6
6381,6
6382,6
6383,6
6384,6
6385,6
6386,6
6387,6
6388,6
6389,6
6390,6
6391,6
6392,6
6393,6
6394,6
6395,6
6396,6
6397,6
6398,6
6399,6
6400,6
6401,6
6402,6
6403,6
6404,6
6405,6
6406,6
6407,6
6408,6
6409,6
6410,6
6411,6
6412,6
6413,6
6414,6
6415,6
6416,6
6417,6
6418,6
6419,6
6420,6
6421,6
6422,6
6423,6
6424,6
6425,6
6426,6
6427,6
6428,6
6429,6
6430,6
6431,6
6432,6
6433,6
6434,6
6435,6
6436,6
6437,6
6438,6
6439,6
6440,6
6441,6
6442,6
6443,6
6444,6
6445,6
6446,6
6447,6
6448,6
6449,6
6450,6
6451,6
6452,6
6453,6
6454,6
6455,6
6456,6
6457,6
6458,6
6459,6
6460,6
6461,6
6462,6
6463,6
6464,6
6465,6
6466,6
6467,6
6468,6
6469,6
6470,6
6471,6
6472,6
6473,6
6474,6
6475,6
6476,0
6477,6
6478,6
6479,6
6480,6
6481,6
6482,6
6483,6
6484,6
6485,6
6486,0
6487,6
6488,6
6489,6
6490,6
6491,6
6492,6
6493,6
6494,6
6495,6
6496,6
6497,6
6498,6
6499,6
6500,6
6501,0
6502,6
6503,6
6504,6
6505,6
6506,6
6507,6
6508,6
6509,6
6510,3
6511,6
6512,6
6513,6
6514,6
6515,0
6516,6
6517,6
6518,6
6519,0
6520,6
6521,6
6522,6
6523,6
6524,6
6525,6
6526,6
6527,6
6528,6
6529,6
6530,6
6531,6
6532,6
6533,6
6534,6
6535,6
6536,6
6537,6
6538,6
6539,6
6540,6
6541,6
6542,6
6543,6
6544,6
6545,6
6546,6
6547,6
6548,6
6549,6
6550,6
6551,6
6552,6
6553,6
6554,0
6555,6
6556,6
6557,6
6558,6
6559,6
6560,6
6561,6
6562,0
6563,6
6564,6
6565,6
6566,6
6567,6
6568,6
6569,6
6570,6
6571,6
6572,6
6573,6
6574,6
6575,6
6576,6
6577,6
6578,6
6579,6
6580,6
6581,0
6582,6
6583,6
6584,6
6585,6
6586,6
6587,6
6588,6
6589,6
6590,6
6591,6
6592,6
6593,6
6594,6
6595,6
6596,6
6597,6
6598,6
6599,6
6600,6
6601,6
6602,6
6603,6
6604,6
6605,6
6606,6
6607,6
6608,6
6609,6
6610,6
6611,6
6612,6
6613,6
6614,6
6615,6
6616,6
6617,6
6618,6
6619,6
6620,6
6621,6
6622,6
6623,6
6624,6
6625,6
6626,6
6627,6
6628,6
6629,6
6630,6
6631,6
6632,6
6633,6
6634,6
6635,6
6636,6
6637,6
6638,0
6639,6
6640,6
6641,6
6642,6
6643,6
6644,6
6645,6
6646,6
6647,6
6648,6
6649,6
6650,6
6651,6
6652,6
6653,6
6654,0
6655,6
6656,6
6657,6
6658,2
6659,6
6660,6
6661,6
6662,6
6663,6
6664,6
6665,6
6666,6
6667,6
6668,6
6669,6
6670,6
6671,6
6672,6
6673,6
6674,6
6675,6
6676,6
6677,6
6678,6
6679,6
6680,6
6681,6
6682,6
6683,6
6684,6
6685,6
6686,6
6687,6
6688,6
6689,6
6690,6
6691,6
6692,6
6693,6
6694,6
6695,6
6696,6
6697,6
6698,6
6699,6
6700,3
6701,0
6702,6
6703,6
6704,6
6705,6
6706,6
6707,6
6708,6
6709,6
6710,6
6711,6
6712,6
6713,6
6714,6
6715,6
6716,6
6717,6
6718,6
6719,6
6720,6
6721,6
6722,6
6723,6
6724,6
6725,6
6726,6
6727,6
6728,6
6729,6
6730,6
6731,6
6732,6
6733,6
6734,6
6735,6
6736,6
6737,0
6738,6
6739,6
6740,6
6741,6
6742,6
6743,6
6744,2
6745,6
6746,0
6747,6
6748,6
6749,6
6750,6
6751,6
6752,6
6753,0
6754,6
6755,6
6756,6
6757,6
6758,6
6759,6
6760,6
6761,6
6762,6
6763,6
6764,6
6765,6
6766,3
6767,6
6768,6
6769,6
6770,6
6771,6
6772,6
6773,6
6774,6
6775,6
6776,6
6777,6
6778,6
6779,6
6780,6
6781,6
6782,6
6783,6
6784,6
6785,6
6786,6
6787,6
6788,6
6789,6
6790,6
6791,6
6792,6
6793,6
6794,0
6795,6
6796,6
6797,6
6798,6
6799,6
6800,6
6801,6
6802,6
6803,6
6804,6
6805,6
6806,6
6807,6
6808,6
6809,6
6810,0
6811,6
6812,6
6813,6
6814,6
6815,6
6816,6
6817,6
6818,6
6819,6
6820,6
6821,6
6822,6
6823,6
6824,6
6825,3
6826,6
6827,6
6828,6
6829,6
6830,0
6831,6
6832,6
6833,6
6834,6
6835,6
6836,6
6837,6
6838,6
6839,6
6840,6
6841,6
6842,6
6843,6
6844,6
6845,6
6846,6
6847,6
6848,6
6849,6
6850,6
6851,6
6852,6
6853,6
6854,6
6855,6
6856,6
6857,6
6858,3
6859,6
6860,6
6861,6
6862,6
6863,6
6864,6
6865,6
6866,6
6867,6
6868,6
6869,6
6870,6
6871,6
6872,6
6873,6
6874,6
6875,6
6876,6
6877,6
6878,6
6879,6
6880,0
6881,6
6882,6
6883,6
6884,6
6885,6
6886,6
6887,6
6888,6
6889,6
6890,6
6891,6
6892,0
6893,6
6894,6
6895,0
6896,6
6897,6
6898,6
6899,6
6900,6
6901,6
6902,6
6903,6
6904,6
6905,6
6906,6
6907,6
6908,6
6909,6
6910,6
6911,6
6912,6
6913,6
6914,6
6915,6
6916,6
6917,6
6918,6
6919,6
6920,6
6921,6
6922,6
6923,6
6924,6
6925,6
6926,0
6927,6
6928,6
6929,6
6930,6
6931,6
6932,6
6933,6
6934,6
6935,6
6936,6
6937,6
6938,6
6939,6
6940,6
6941,6
6942,6
6943,6
6944,6
6945,6
6946,6
6947,6
6948,6
6949,6
6950,6
6951,6
6952,6
6953,6
6954,6
6955,6
6956,6
6957,6
6958,6
6959,6
6960,6
6961,6
6962,6
6963,2
6964,6
6965,6
6966,6
6967,6
6968,6
6969,6
6970,6
6971,6
6972,6
6973,6
6974,6
6975,6
6976,6
6977,6
6978,6
6979,6
6980,6
6981,6
6982,6
6983,6
6984,6
6985,6
6986,0
6987,6
6988,6
6989,6
6990,0
6991,6
6992,6
6993,0
6994,2
6995,6
6996,6
6997,6
6998,6
6999,6
7000,6
7001,6
7002,6
7003,2
7004,6
7005,6
7006,6
7007,6
7008,6
7009,6
7010,6
7011,6
7012,6
7013,6
7014,6
7015,6
7016,6
7017,6
7018,6
7019,6
7020,6
7021,6
7022,6
7023,6
7024,6
7025,6
7026,6
7027,6
7028,6
7029,6
7030,6
7031,6
7032,6
7033,6
7034,6
7035,6
7036,6
7037,6
7038,6
7039,6
7040,6
7041,6
7042,6
7043,6
7044,6
7045,6
7046,6
7047,6
7048,6
7049,6
7050,6
7051,6
7052,6
7053,6
7054,6
7055,6
7056,6
7057,6
7058,6
7059,6
7060,6
7061,0
7062,6
7063,6
7064,6
7065,6
7066,6
7067,6
7068,6
7069,6
7070,6
7071,0
7072,6
7073,6
7074,6
7075,0
7076,6
7077,6
7078,6
7079,6
7080,6
7081,6
7082,6
7083,6
7084,6
7085,6
7086,6
7087,6
7088,6
7089,6
7090,6
7091,6
7092,6
7093,6
7094,6
7095,6
7096,6
7097,6
7098,3
7099,6
7100,6
7101,6
7102,6
7103,6
7104,6
7105,6
7106,6
7107,6
7108,6
7109,6
7110,6
7111,6
7112,6
7113,6
7114,3
7115,6
7116,6
7117,6
7118,6
7119,6
7120,6
7121,6
7122,6
7123,6
7124,6
7125,6
7126,6
7127,6
7128,6
7129,6
7130,6
7131,6
7132,6
7133,0
7134,6
7135,6
7136,6
7137,6
7138,6
7139,6
7140,6
7141,3
7142,6
7143,6
7144,6
7145,6
7146,6
7147,6
7148,6
7149,6
7150,6
7151,6
7152,6
7153,6
7154,6
7155,6
7156,6
7157,6
7158,6
7159,6
7160,6
7161,6
7162,6
7163,6
7164,6
7165,6
7166,6
7167,6
7168,6
7169,6
7170,6
7171,6
7172,6
7173,6
7174,2
7175,6
7176,6
7177,6
7178,6
7179,6
7180,6
7181,6
7182,6
7183,6
7184,6
7185,6
7186,6
7187,6
7188,6
7189,6
7190,6
7191,6
7192,6
7193,6
7194,6
7195,6
7196,6
7197,6
7198,6
7199,6
7200,0
7201,6
7202,6
7203,6
7204,6
7205,6
7206,6
7207,6
7208,6
7209,6
7210,6
7211,6
7212,6
7213,0
7214,6
7215,6
7216,6
7217,6
7218,6
7219,6
7220,6
7221,6
7222,6
7223,6
7224,6
7225,6
7226,6
7227,6
7228,6
7229,6
7230,6
7231,6
7232,6
7233,6
7234,6
7235,6
7236,6
7237,6
7238,6
7239,6
7240,6
7241,6
7242,6
7243,6
7244,6
7245,6
7246,6
7247,6
7248,6
7249,6
7250,6
7251,6
7252,6
7253,6
7254,0
7255,0
7256,6
7257,6
7258,6
7259,6
7260,6
7261,6
7262,6
7263,6
7264,6
7265,6
7266,6
7267,6
7268,6
7269,6
7270,6
7271,6
7272,6
7273,6
7274,6
7275,6
7276,6
7277,6
7278,6
7279,6
7280,6
7281,6
7282,6
7283,6
7284,6
7285,6
7286,0
7287,6
7288,6
7289,6
7290,0
7291,6
7292,6
7293,6
7294,6
7295,6
7296,3
7297,6
7298,6
7299,6
7300,6
7301,6
7302,6
7303,6
7304,6
7305,6
7306,6
7307,6
7308,6
7309,6
7310,6
7311,6
7312,6
7313,6
7314,6
7315,6
7316,6
7317,6
7318,6
7319,6
7320,6
7321,6
7322,6
7323,6
7324,6
7325,6
7326,6
7327,6
7328,6
7329,0
7330,6
7331,6
7332,6
7333,6
7334,6
7335,6
7336,6
7337,6
7338,6
7339,6
7340,6
7341,6
7342,6
7343,6
7344,6
7345,6
7346,6
7347,6
7348,6
7349,6
7350,6
7351,6
7352,6
7353,6
7354,6
7355,6
7356,6
7357,6
7358,6
7359,6
7360,6
7361,6
7362,6
7363,6
7364,6
7365,6
7366,6
7367,6
7368,6
7369,6
7370,6
7371,6
7372,6
7373,6
7374,6
7375,6
7376,6
7377,6
7378,6
7379,6
7380,6
7381,6
7382,6
7383,6
7384,6
7385,6
7386,6
7387,6
7388,6
7389,3
7390,6
7391,6
7392,6
7393,6
7394,6
7395,6
7396,6
7397,6
7398,0
7399,6
7400,6
7401,6
7402,6
7403,6
7404,6
7405,6
7406,6
7407,0
7408,6
7409,6
7410,6
7411,6
7412,6
7413,6
7414,6
7415,6
7416,6
7417,6
7418,6
7419,6
7420,6
7421,6
7422,6
7423,6
7424,6
7425,6
7426,6
7427,6
7428,6
7429,6
7430,6
7431,6
7432,6
7433,6
7434,6
7435,6
7436,6
7437,2
7438,6
7439,6
7440,6
7441,6
7442,6
7443,6
7444,6
7445,6
7446,6
7447,6
7448,6
7449,6
7450,6
7451,6
7452,6
7453,6
7454,6
7455,6
7456,6
7457,6
7458,6
7459,6
7460,6
7461,6
7462,6
7463,6
7464,6
7465,6
7466,6
7467,6
7468,6
7469,6
7470,6
7471,6
7472,6
7473,6
7474,6
7475,6
7476,6
7477,6
7478,6
7479,6
7480,6
7481,6
7482,6
7483,6
7484,6
7485,6
7486,6
7487,6
7488,6
7489,3
7490,0
7491,6
7492,6
7493,6
7494,0
7495,6
7496,6
7497,6
7498,6
7499,6
7500,6
7501,6
7502,6
7503,6
7504,6
7505,6
7506,0
7507,6
7508,6
7509,6
7510,6
7511,6
7512,6
7513,6
7514,6
7515,6
7516,6
7517,6
7518,6
7519,6
7520,6
7521,6
7522,3
7523,6
7524,6
7525,6
7526,6
7527,6
7528,6
7529,6
7530,6
7531,6
7532,6
7533,6
7534,6
7535,6
7536,6
7537,6
7538,6
7539,6
7540,6
7541,6
7542,6
7543,6
7544,6
7545,6
7546,6
7547,6
7548,6
7549,6
7550,6
7551,6
7552,0
7553,6
7554,6
7555,6
7556,6
7557,6
7558,6
7559,6
7560,6
7561,6
7562,0
7563,6
7564,6
7565,6
7566,6
7567,6
7568,6
7569,6
7570,6
7571,0
7572,6
7573,6
7574,6
7575,6
7576,6
7577,6
7578,6
7579,6
7580,6
7581,6
7582,0
7583,6
7584,6
7585,6
7586,6
7587,6
7588,6
7589,6
7590,6
7591,6
7592,6
7593,6
7594,6
7595,6
7596,6
7597,6
7598,6
7599,6
7600,6
7601,6
7602,6
7603,6
7604,6
7605,6
7606,6
7607,6
7608,6
7609,6
7610,6
7611,6
7612,6
7613,6
7614,6
7615,6
7616,6
7617,2
7618,6
7619,6
7620,6
7621,6
7622,6
7623,6
7624,6
7625,6
7626,6
7627,6
7628,6
7629,6
7630,6
7631,6
7632,6
7633,6
7634,6
7635,6
7636,6
7637,6
7638,6
7639,6
7640,6
7641,6
7642,6
7643,6
7644,6
7645,6
7646,6
7647,6
7648,6
7649,6
7650,6
7651,6
7652,6
7653,6
7654,6
7655,6
7656,6
7657,6
7658,6
7659,6
7660,6
7661,6
7662,6
7663,6
7664,6
7665,6
7666,6
7667,6
7668,6
7669,6
7670,6
7671,6
7672,6
7673,6
7674,6
7675,2
7676,6
7677,6
7678,6
7679,6
7680,6
7681,6
7682,6
7683,6
7684,6
7685,6
7686,6
7687,6
7688,6
7689,6
7690,6
7691,6
7692,6
7693,6
7694,6
7695,6
7696,6
7697,6
7698,6
7699,6
7700,6
7701,6
7702,6
7703,6
7704,6
7705,6
7706,6
7707,6
7708,6
7709,6
7710,6
7711,6
7712,6
7713,6
7714,6
7715,6
7716,6
7717,6
7718,6
7719,6
7720,6
7721,6
7722,6
7723,6
7724,6
7725,6
7726,6
7727,6
7728,6
7729,6
7730,6
7731,6
7732,6
7733,6
7734,6
7735,6
7736,6
7737,6
7738,6
7739,6
7740,6
7741,6
7742,6
7743,6
7744,6
7745,6
7746,6
7747,6
7748,6
7749,6
7750,6
7751,6
7752,6
7753,6
7754,6
7755,6
7756,6
7757,6
7758,6
7759,6
7760,6
7761,6
7762,6
7763,6
7764,6
7765,0
7766,6
7767,6
7768,6
7769,0
7770,6
7771,6
7772,6
7773,6
7774,6
7775,6
7776,3
7777,6
7778,6
7779,6
7780,6
7781,6
7782,6
7783,6
7784,6
7785,6
7786,6
7787,6
7788,6
7789,6
7790,6
7791,6
7792,6
7793,6
7794,6
7795,6
7796,6
7797,3
7798,6
7799,6
7800,6
7801,6
7802,6
7803,6
7804,6
7805,6
7806,6
7807,6
7808,6
7809,6
7810,6
7811,6
7812,6
7813,6
7814,6
7815,6
7816,6
7817,0
7818,6
7819,6
7820,6
7821,6
7822,2
7823,6
7824,6
7825,6
7826,6
7827,6
7828,6
7829,6
7830,6
7831,6
7832,6
7833,0
7834,6
7835,0
7836,6
7837,6
7838,6
7839,6
7840,6
7841,6
7842,6
7843,6
7844,6
7845,6
7846,6
7847,6
7848,6
7849,0
7850,6
7851,6
7852,6
7853,6
7854,6
7855,6
7856,6
7857,6
7858,6
7859,6
7860,6
7861,6
7862,6
7863,6
7864,6
7865,6
7866,6
7867,6
7868,3
7869,6
7870,3
7871,6
7872,6
7873,6
7874,6
7875,6
7876,6
7877,6
7878,6
7879,6
7880,6
7881,6
7882,6
7883,6
7884,6
7885,6
7886,6
7887,6
7888,6
7889,6
7890,6
7891,0
7892,6
7893,6
7894,6
7895,6
7896,6
7897,6
7898,6
7899,6
7900,6
7901,6
7902,6
7903,6
7904,6
7905,6
7906,6
7907,6
7908,6
7909,6
7910,6
7911,6
7912,6
7913,6
7914,6
7915,6
7916,6
7917,6
7918,6
7919,6
7920,6
7921,6
7922,6
7923,6
7924,6
7925,6
7926,6
7927,2
7928,6
7929,6
7930,6
7931,6
7932,6
7933,6
7934,6
7935,6
7936,6
7937,6
7938,6
7939,6
7940,6
7941,6
7942,6
7943,6
7944,6
7945,6
7946,6
7947,6
7948,6
7949,6
7950,6
7951,6
7952,6
7953,6
7954,6
7955,6
7956,6
7957,6
7958,6
7959,6
7960,6
7961,6
7962,6
7963,6
7964,6
7965,6
7966,6
7967,6
7968,6
7969,6
7970,6
7971,6
7972,6
7973,6
7974,6
7975,6
7976,6
7977,6
7978,6
7979,6
7980,6
7981,6
7982,6
7983,6
7984,6
7985,6
7986,6
7987,6
7988,3
7989,6
7990,6
7991,6
7992,6
7993,6
7994,6
7995,6
7996,6
7997,6
7998,6
7999,6
